{
  "duration": 55.54999923706055,
  "language": "english",
  "text": "Hello. I'm saying words to the microphone. My name is John Mathis with no H and two T's in Mathis. One, two, three, four, five, six, seven, eight, nine. And I have a cat named Poo and another one named Ollie. And dogs are good and horses are tall. Thank you for listening. Thank you for coming to this wonderful day and I hope that everything will be in good in the future too. Cthulhu, dinosaur, vibrant, hexagon, sparkling water juggling balls.",
  "segments": [
    {
      "id": 0,
      "avg_logprob": -0.2672506272792816,
      "compression_ratio": 1.4745762348175049,
      "end": 7.78000020980835,
      "no_speech_prob": 0.04181129112839699,
      "seek": 0,
      "start": 0,
      "temperature": 0,
      "text": " Hello. I'm saying words to the microphone. My name is John Mathis with no H and two",
      "tokens": [
        50364,
        2425,
        13,
        286,
        478,
        1566,
        2283,
        281,
        264,
        10952,
        13,
        1222,
        1315,
        307,
        2619,
        15776,
        271,
        365,
        572,
        389,
        293,
        732,
        50746
      ]
    },
    {
      "id": 1,
      "avg_logprob": -0.2672506272792816,
      "compression_ratio": 1.4745762348175049,
      "end": 18,
      "no_speech_prob": 0.04181129112839699,
      "seek": 0,
      "start": 7.78000020980835,
      "temperature": 0,
      "text": " T's in Mathis. One, two, three, four, five, six, seven, eight, nine. And I have a cat named Poo",
      "tokens": [
        50746,
        314,
        311,
        294,
        15776,
        271,
        13,
        1485,
        11,
        732,
        11,
        1045,
        11,
        1451,
        11,
        1732,
        11,
        2309,
        11,
        3407,
        11,
        3180,
        11,
        4949,
        13,
        400,
        286,
        362,
        257,
        3857,
        4926,
        430,
        1986,
        51258
      ]
    },
    {
      "id": 2,
      "avg_logprob": -0.2672506272792816,
      "compression_ratio": 1.4745762348175049,
      "end": 27.559999465942383,
      "no_speech_prob": 0.04181129112839699,
      "seek": 0,
      "start": 18,
      "temperature": 0,
      "text": " and another one named Ollie. And dogs are good and horses are tall. Thank you for",
      "tokens": [
        51258,
        293,
        1071,
        472,
        4926,
        35089,
        13,
        400,
        7197,
        366,
        665,
        293,
        13112,
        366,
        6764,
        13,
        1044,
        291,
        337,
        51742
      ]
    },
    {
      "id": 3,
      "avg_logprob": -0.27192679047584534,
      "compression_ratio": 1.3142857551574707,
      "end": 35.31999969482422,
      "no_speech_prob": 0.028739718720316887,
      "seek": 2758,
      "start": 27.579999923706055,
      "temperature": 0,
      "text": " listening. Thank you for coming to this wonderful day and I hope that everything",
      "tokens": [
        50364,
        4764,
        13,
        1044,
        291,
        337,
        1348,
        281,
        341,
        3715,
        786,
        293,
        286,
        1454,
        300,
        1203,
        50752
      ]
    },
    {
      "id": 4,
      "avg_logprob": -0.27192679047584534,
      "compression_ratio": 1.3142857551574707,
      "end": 51.02000045776367,
      "no_speech_prob": 0.028739718720316887,
      "seek": 2758,
      "start": 35.31999969482422,
      "temperature": 0,
      "text": " will be in good in the future too. Cthulhu, dinosaur, vibrant, hexagon, sparkling",
      "tokens": [
        50752,
        486,
        312,
        294,
        665,
        294,
        264,
        2027,
        886,
        13,
        383,
        392,
        425,
        12086,
        11,
        23627,
        11,
        21571,
        11,
        23291,
        6709,
        11,
        39967,
        51536
      ]
    },
    {
      "id": 5,
      "avg_logprob": -0.27192679047584534,
      "compression_ratio": 1.3142857551574707,
      "end": 52.68000030517578,
      "no_speech_prob": 0.028739718720316887,
      "seek": 2758,
      "start": 51.02000045776367,
      "temperature": 0,
      "text": " water juggling balls.",
      "tokens": [
        51536,
        1281,
        361,
        29921,
        9803,
        13,
        51704
      ]
    }
  ],
  "words": [
    {
      "end": 0.7200000286102295,
      "start": 0,
      "word": "Hello"
    },
    {
      "end": 1.1200000047683716,
      "start": 0.9399999976158142,
      "word": "I'm"
    },
    {
      "end": 1.559999942779541,
      "start": 1.1200000047683716,
      "word": "saying"
    },
    {
      "end": 2.0999999046325684,
      "start": 1.559999942779541,
      "word": "words"
    },
    {
      "end": 2.5399999618530273,
      "start": 2.0999999046325684,
      "word": "to"
    },
    {
      "end": 2.940000057220459,
      "start": 2.5399999618530273,
      "word": "the"
    },
    {
      "end": 3.359999895095825,
      "start": 2.940000057220459,
      "word": "microphone"
    },
    {
      "end": 3.680000066757202,
      "start": 3.680000066757202,
      "word": "My"
    },
    {
      "end": 3.819999933242798,
      "start": 3.680000066757202,
      "word": "name"
    },
    {
      "end": 4.059999942779541,
      "start": 3.819999933242798,
      "word": "is"
    },
    {
      "end": 4.739999771118164,
      "start": 4.059999942779541,
      "word": "John"
    },
    {
      "end": 5.699999809265137,
      "start": 4.739999771118164,
      "word": "Mathis"
    },
    {
      "end": 6.539999961853027,
      "start": 5.699999809265137,
      "word": "with"
    },
    {
      "end": 7,
      "start": 6.539999961853027,
      "word": "no"
    },
    {
      "end": 7.340000152587891,
      "start": 7,
      "word": "H"
    },
    {
      "end": 7.579999923706055,
      "start": 7.340000152587891,
      "word": "and"
    },
    {
      "end": 7.78000020980835,
      "start": 7.579999923706055,
      "word": "two"
    },
    {
      "end": 8.140000343322754,
      "start": 7.78000020980835,
      "word": "T's"
    },
    {
      "end": 8.319999694824219,
      "start": 8.140000343322754,
      "word": "in"
    },
    {
      "end": 8.84000015258789,
      "start": 8.319999694824219,
      "word": "Mathis"
    },
    {
      "end": 10.680000305175781,
      "start": 10.300000190734863,
      "word": "One"
    },
    {
      "end": 10.880000114440918,
      "start": 10.760000228881836,
      "word": "two"
    },
    {
      "end": 11.300000190734863,
      "start": 11.039999961853027,
      "word": "three"
    },
    {
      "end": 11.600000381469727,
      "start": 11.539999961853027,
      "word": "four"
    },
    {
      "end": 12.0600004196167,
      "start": 11.979999542236328,
      "word": "five"
    },
    {
      "end": 12.420000076293945,
      "start": 12.359999656677246,
      "word": "six"
    },
    {
      "end": 12.760000228881836,
      "start": 12.640000343322754,
      "word": "seven"
    },
    {
      "end": 13.199999809265137,
      "start": 13.140000343322754,
      "word": "eight"
    },
    {
      "end": 13.800000190734863,
      "start": 13.600000381469727,
      "word": "nine"
    },
    {
      "end": 16.18000030517578,
      "start": 15.5,
      "word": "And"
    },
    {
      "end": 16.540000915527344,
      "start": 16.18000030517578,
      "word": "I"
    },
    {
      "end": 16.760000228881836,
      "start": 16.540000915527344,
      "word": "have"
    },
    {
      "end": 17.100000381469727,
      "start": 16.760000228881836,
      "word": "a"
    },
    {
      "end": 17.100000381469727,
      "start": 17.100000381469727,
      "word": "cat"
    },
    {
      "end": 17.65999984741211,
      "start": 17.100000381469727,