{
    "text": "Hello, my name is Jon Mathis. Nice to meet you. 1, 2, 3, 4, 5, blue, green, red, dog, cat, cow, bird. Thank you and goodbye.",
    "segments": [
        {
            "id": 0,
            "seek": 0.0,
            "start": 0.0,
            "end": 7.519999980926514,
            "text": " Hello, my name is Jon Mathis. Nice to meet you. 1, 2, 3, 4, 5, blue, green, red, dog, cat, cow, bird.",
            "tokens": [
                50364,
                2425,
                11,
                452,
                1315,
                307,
                7745,
                15776,
                271,
                13,
                5490,
                281,
                1677,
                291,
                13,
                502,
                11,
                568,
                11,
                805,
                11,
                1017,
                11,
                1025,
                11,
                3344,
                11,
                3092,
                11,
                2182,
                11,
                3000,
                11,
                3857,
                11,
                8408,
                11,
                5255,
                13,
                50732
            ],
            "temperature": 0.0,
            "avg_logprob": -0.31796422600746155,
            "compression_ratio": 1.117117166519165,
            "no_speech_prob": 0.023874342441558838,
            "words": [
                {
                    "start": 0.0,
                    "end": 0.5,
                    "word": "Hello",
                    "index_in_segment": 1,
                    "index_in_transcript": 0,
                    "probability": null
                },
                {
                    "start": 0.6399999856948853,
                    "end": 0.699999988079071,
                    "word": "my",
                    "index_in_segment": 2,
                    "index_in_transcript": 1,
                    "probability": null
                },
                {
                    "start": 0.699999988079071,
                    "end": 0.8999999761581421,
                    "word": "name",
                    "index_in_segment": 3,
                    "index_in_transcript": 2,
                    "probability": null
                },
                {
                    "start": 0.8999999761581421,
                    "end": 1.100000023841858,
                    "word": "is",
                    "index_in_segment": 4,
                    "index_in_transcript": 3,
                    "probability": null
                },
                {
                    "start": 1.100000023841858,
                    "end": 1.2999999523162842,
                    "word": "Jon",
                    "index_in_segment": 5,
                    "index_in_transcript": 4,
                    "probability": null
                },
                {
                    "start": 1.2999999523162842,
                    "end": 1.7000000476837158,
                    "word": "Mathis",
                    "index_in_segment": 6,
                    "index_in_transcript": 5,
                    "probability": null
                },
                {
                    "start": 1.9600000381469727,
                    "end": 1.9600000381469727,
                    "word": "Nice",
                    "index_in_segment": 7,
                    "index_in_transcript": 6,
                    "probability": null
                },
                {
                    "start": 1.9600000381469727,
                    "end": 2.1600000858306885,
                    "word": "to",
                    "index_in_segment": 8,
                    "index_in_transcript": 7,
                    "probability": null
                },
                {
                    "start": 2.1600000858306885,
                    "end": 2.319999933242798,
                    "word": "meet",
                    "index_in_segment": 9,
                    "index_in_transcript": 8,
                    "probability": null
                },
                {
                    "start": 2.319999933242798,
                    "end": 2.5999999046325684,
                    "word": "you",
                    "index_in_segment": 10,
                    "index_in_transcript": 9,
                    "probability": null
                },
                {
                    "start": 2.819999933242798,
                    "end": 2.859999895095825,
                    "word": "1",
                    "index_in_segment": 11,
                    "index_in_transcript": 10,
                    "probability": null
                },
                {
                    "start": 3.059999942779541,
                    "end": 3.059999942779541,
                    "word": "2",
                    "index_in_segment": 12,
                    "index_in_transcript": 11,
                    "probability": null
                },
                {
                    "start": 3.059999942779541,
                    "end": 3.359999895095825,
                    "word": "3",
                    "index_in_segment": 13,
                    "index_in_transcript": 12,
                    "probability": null
                },
                {
                    "start": 3.4200000762939453,
                    "end": 3.640000104904175,
                    "word": "4",
                    "index_in_segment": 14,
                    "index_in_transcript": 13,
                    "probability": null
                },
                {
                    "start": 3.680000066757202,
                    "end": 4.079999923706055,
                    "word": "5",
                    "index_in_segment": 15,
                    "index_in_transcript": 14,
                    "probability": null
                },
                {
                    "start": 4.239999771118164,
                    "end": 4.519999980926514,
                    "word": "blue",
                    "index_in_segment": 16,
                    "index_in_transcript": 15,
                    "probability": null
                },
                {
                    "start": 4.659999847412109,
                    "end": 4.960000038146973,
                    "word": "green",
                    "index_in_segment": 17,
                    "index_in_transcript": 16,
                    "probability": null
                },
                {
                    "start": 5.360000133514404,
                    "end": 5.400000095367432,
                    "word": "red",
                    "index_in_segment": 18,
                    "index_in_transcript": 17,
                    "probability": null
                },
                {
                    "start": 6.039999961853027,
                    "end": 6.179999828338623,
                    "word": "dog",
                    "index_in_segment": 19,
                    "index_in_transcript": 18,
                    "probability": null
                },
                {
                    "start": 6.28000020980835,
                    "end": 6.579999923706055,
                    "word": "cat",
                    "index_in_segment": 20,
                    "index_in_transcript": 19,
                    "probability": null
                },
                {
                    "start": 6.980000019073486,
                    "end": 7.039999961853027,
                    "word": "cow",
                    "index_in_segment": 21,
                    "index_in_transcript": 20,
                    "probability": null
                },
                {
                    "start": 7.5,
                    "end": 7.519999980926514,
                    "word": "bird",
                    "index_in_segment": 22,
                    "index_in_transcript": 21,